agency_cd,site_no,measurement_nu,measurement_dt,tz_cd,q_meas_used_fg,party_nm,site_visit_coll_agency_cd,gage_height_va,discharge_va,measured_rating_diff,gage_va_change,gage_va_time,control_type_cd,discharge_cd
USGS,3171000,1,1939-07-12,,Yes,ARG/PNS,USGS,2.34,2420,Unspecified,,,,NONE
USGS,3171000,2,1939-07-12,,Yes,ARG/PNS,USGS,2.34,2410,Unspecified,,,,NONE
USGS,3171000,3,1939-10-23,,Yes,ODM/TWE,USGS,1.84,1090,Unspecified,,,,NONE
USGS,3171000,4,1940-03-05,,Yes,ARG/PNS,USGS,2.95,4530,Good,,,,NONE
USGS,3171000,5,1940-03-05,,Yes,ARG/PNS,USGS,4.37,10800,Unspecified,,,,NONE
USGS,3171000,6,1940-03-06,,Yes,ARG/PNS,USGS,3.46,6720,Good,,,,NONE
USGS,3171000,7,1940-07-19,,Yes,CAS/PNS,USGS,2.78,3910,Unspecified,,,,NONE
USGS,3171000,8,1940-08-15,,Yes,CAS/PNS,USGS,18.83,72300,Unspecified,,,,NONE
USGS,3171000,9,1940-08-15,,Yes,CAS/PNS,USGS,15.44,54600,Unspecified,,,,NONE
USGS,3171000,10,1940-08-16,,Yes,CAS/PNS,USGS,11.55,37400,Unspecified,,,,NONE
USGS,3171000,11,1940-08-17,,Yes,CAS/PNS,USGS,7.84,22700,Unspecified,,,,NONE
USGS,3171000,12,1940-08-21,,Yes,CAS/PNS,USGS,4.21,9970,Unspecified,,,,NONE
USGS,3171000,13,1940-10-22,,Yes,CAS/PNS,USGS,3.27,5720,Unspecified,,,,NONE
USGS,3171000,14,1941-01-08,,Yes,TFH,USGS,3.9,9130,Fair,,,,NONE
USGS,3171000,15,1941-03-05,,Yes,TFH,USGS,3.29,5820,Good,,,,NONE
USGS,3171000,16,1941-05-09,,Yes,PNS,USGS,2.88,4540,Good,,,,NONE
USGS,3171000,17,1941-07-11,,Yes,JSC,USGS,3.74,8280,Good,,,,NONE
USGS,3171000,18,1941-09-25,,Yes,PNS,USGS,2.76,4010,Good,,,,NONE
USGS,3171000,19,1942-01-18,,Yes,RLM,USGS,1.71,946,Good,,,,NONE
USGS,3171000,20,1942-03-15,,Yes,CAS,USGS,3.13,5040,Fair,,,,NONE
USGS,3171000,21,1942-04-16,,Yes,CAS,USGS,1.65,745,Good,,,,NONE
USGS,3171000,22,1942-05-12,,Yes,CAS,USGS,1.28,281,Good,,,,NONE
USGS,3171000,23,1942-06-09,,Yes,GCC/CAS,USGS,2.05,1000,Good,,,Clear,NONE
USGS,3171000,24,1942-07-09,,Yes,CAS,USGS,3.86,8580,Good,,,,NONE
USGS,3171000,25,1942-08-17,,Yes,CAS,USGS,4.36,10900,Good,,,,NONE
USGS,3171000,26,1942-09-17,,Yes,CAS,USGS,2.85,4330,Good,,,,NONE
USGS,3171000,27,1942-10-14,,Yes,CAS,USGS,4.18,9810,Good,,,,NONE
USGS,3171000,28,1942-11-25,,Yes,CAS,USGS,2.84,4370,Fair,,,,NONE
USGS,3171000,29,1943-01-01,,Yes,CAS,USGS,4.55,11300,Good,,,,NONE
USGS,3171000,30,1943-01-29,,Yes,CAS,USGS,4.44,11000,Good,,,,NONE
USGS,3171000,31,1943-02-18,,Yes,CAS,USGS,3.16,5160,Fair,,,,NONE
USGS,3171000,32,1943-03-18,,Yes,CAS,USGS,4.04,9140,Good,,,,NONE
USGS,3171000,33,1943-04-22,,Yes,CAS,USGS,4.35,10200,Good,,,,NONE
USGS,3171000,34,1943-05-13,,Yes,CAS,USGS,4.12,9870,Good,,,,NONE
USGS,3171000,35,1943-06-16,,Yes,CAS,USGS,3.29,5900,Good,,,,NONE
USGS,3171000,36,1943-07-15,,Yes,TFH/CAS,USGS,3.44,6620,Good,,,,NONE
USGS,3171000,37,1943-07-21,,Yes,TFH/CAS,USGS,1.64,725,Good,,,,NONE
USGS,3171000,38,1943-07-21,,Yes,TFH/CAS,USGS,1.52,565,Good,,,,NONE
USGS,3171000,39,1943-07-21,,Yes,TFH/CAS,USGS,1.52,557,Good,,,,NONE
USGS,3171000,40,1943-08-11,,Yes,CAS,USGS,2.21,2190,Fair,,,,NONE
USGS,3171000,41,1943-09-04,,Yes,RHT,USGS,1.32,338,Fair,,,Clear,NONE
USGS,3171000,42,1943-09-04,,Yes,RHT,USGS,1.32,329,Fair,,,Clear,NONE
USGS,3171000,43,1943-09-09,,Yes,CAS,USGS,1.21,248,Good,,,Clear,NONE
USGS,3171000,44,1943-11-05,,Yes,RHT/CAS,USGS,2.03,1570,Good,,,Clear,NONE
USGS,3171000,45,1943-12-14,,Yes,CAS,USGS,2.24,2170,Good,,,,NONE
USGS,3171000,46,1944-01-14,,Yes,CAS,USGS,2.63,3520,Fair,,,Clear,NONE
USGS,3171000,47,1944-02-16,,Yes,CAS,USGS,2.86,4390,Good,,,Clear,NONE
USGS,3171000,48,1944-03-16,,Yes,CAS,USGS,2.96,4510,Fair,,,,NONE
USGS,3171000,49,1944-05-16,,Yes,CAS,USGS,1.45,499,Unspecified,,,Clear,NONE
USGS,3171000,50,1944-06-15,,Yes,CAS/MSB,USGS,1.37,390,Fair,,,Clear,NONE
USGS,3171000,51,1944-07-04,,Yes,CAS,USGS,1.19,233,Good,,,Clear,NONE
USGS,3171000,52,1944-08-17,,Yes,CAS,USGS,1.24,293,Good,,,Clear,NONE
USGS,3171000,53,1944-09-15,,Yes,CAS,USGS,1.4,439,Fair,,,Clear,NONE
USGS,3171000,54,1944-10-13,,Yes,CAS,USGS,2.35,2410,Fair,,,Clear,NONE
USGS,3171000,55,1945-01-19,,Yes,CAS,USGS,4.23,10100,Good,,,Clear,NONE
USGS,3171000,56,1945-02-13,,Yes,CAS,USGS,4.1,9890,Fair,,,Clear,NONE
USGS,3171000,57,1945-03-20,,Yes,CAS,USGS,3.66,7730,Good,,,Clear,NONE
USGS,3171000,58,1945-04-19,,Yes,CAS,USGS,2.71,3730,Fair,,,Clear,NONE
USGS,3171000,59,1945-05-19,,Yes,SHE,USGS,5.52,14900,Good,-0.17,2.3,,NONE
USGS,3171000,60,1945-06-22,,Yes,CAS,USGS,3.82,8880,Fair,,,Clear,NONE
USGS,3171000,61,1945-07-17,,No,,,,,,,,,
USGS,3171000,62,1945-08-16,,Yes,CAS,USGS,2.05,1610,Good,,,Clear,NONE
USGS,3171000,63,1945-09-20,,Yes,CAS,USGS,4.49,11500,Good,,,,NONE
USGS,3171000,64,1945-10-30,,Yes,CAS/JSC,USGS,2.53,2930,Fair,,,Clear,NONE
USGS,3171000,65,1945-11-21,,Yes,JSC,USGS,2.79,3810,Fair,,,Clear,NONE
USGS,3171000,66,1945-12-19,,Yes,JSC,USGS,3.05,5030,Fair,,,Clear,NONE
USGS,3171000,67,1946-01-23,,Yes,JSC/SGA,USGS,3.42,6900,Good,,,Clear,NONE
USGS,3171000,68,1946-02-20,,Yes,SGA,USGS,4.25,10600,Fair,,,Clear,NONE
USGS,3171000,69,1946-03-13,,Yes,JSC,USGS,3.55,7210,Fair,,,Clear,NONE
USGS,3171000,70,1946-04-10,,Yes,SGA,USGS,2.97,4380,Poor,,,Clear,NONE
USGS,3171000,71,1946-05-15,,Yes,SGA,USGS,1.58,767,Poor,,,Clear,NONE
USGS,3171000,72,1946-06-21,,Yes,JSC/SGA,USGS,1.64,730,Good,,,,NONE
USGS,3171000,73,1946-07-26,,Yes,JSC,USGS,2.99,4610,Good,,,Clear,NONE
USGS,3171000,74,1946-08-08,,Yes,SGA,USGS,3.17,5710,Good,,,Clear,NONE
USGS,3171000,75,1946-09-05,,Yes,JSC,USGS,2.68,3490,Fair,,,Clear,NONE
USGS,3171000,76,1946-10-04,,Yes,ARG/SGA,USGS,2.08,1650,Good,,,Clear,NONE
USGS,3171000,77,1946-11-06,,Yes,JSC,USGS,2.77,3650,Good,,,Clear,NONE
USGS,3171000,78,1947-01-08,,Yes,JSC,USGS,3,4780,Fair,,,Clear,NONE
USGS,3171000,79,1947-03-11,,Yes,JSC,USGS,3.2,5740,Fair,,,Clear,NONE
USGS,3171000,80,1947-04-09,,Yes,SGA,USGS,3.39,6360,Poor,,,Clear,NONE
USGS,3171000,81,1947-05-08,,Yes,JSC,USGS,3.23,5810,Fair,,,Clear,NONE
USGS,3171000,82,1947-06-19,,Yes,SGA/JSC,USGS,3.58,7330,Good,,,Clear,NONE
USGS,3171000,83,1947-07-14,,Yes,SGA,USGS,2.72,3860,Fair,,,Clear,NONE
USGS,3171000,84,1947-08-11,,Yes,SGA,USGS,3.29,6290,Good,,,Clear,NONE
USGS,3171000,85,1947-09-10 8:15:00,EDT,Yes,SGA/JSC,USGS,1.61,703,Fair,,,Clear,NONE
USGS,3171000,86,1947-10-01,,Yes,JSC,USGS,2.82,4130,Good,,,Clear,NONE
USGS,3171000,87,1947-11-05,,Yes,SGA,USGS,4.31,10400,Fair,,,Clear,NONE
USGS,3171000,88,1947-12-03,,Yes,JSC,USGS,3.3,6120,Poor,,,Clear,NONE
USGS,3171000,89,1948-02-07,,Yes,SGA/JSC,USGS,3.79,8450,Fair,,,Clear,NONE
USGS,3171000,90,1948-03-03,,Yes,SGA,USGS,3.78,8010,Fair,,,Clear,NONE
USGS,3171000,91,1948-04-05,,Yes,SGA,USGS,4.23,10200,Good,,,Clear,NONE
USGS,3171000,92,1948-05-03,,Yes,SGA,USGS,4.14,9740,Fair,,,Clear,NONE
USGS,3171000,93,1948-07-12,,Yes,SGA,USGS,3.08,4820,Fair,,,Clear,NONE
USGS,3171000,94,1948-09-17,,Yes,JSC/SGA,USGS,1.55,637,Fair,,,Clear,NONE
USGS,3171000,95,1948-10-13,,Yes,JSC/SGA,USGS,1.8,1120,Good,,,Clear,NONE
USGS,3171000,96,1948-11-05,,Yes,JSC,USGS,2.15,1890,Poor,,,Clear,NONE
USGS,3171000,97,1948-12-01,,Yes,SGA,USGS,4.32,10600,Good,,,Clear,NONE
USGS,3171000,98,1949-01-04,,Yes,SGA,USGS,4.01,9340,Poor,,,Clear,NONE
USGS,3171000,99,1949-04-04,,Yes,SGA,USGS,4.02,9300,Fair,,,Clear,NONE
USGS,3171000,100,1949-05-05,,Yes,CHH,USGS,3.46,6810,Fair,,,Clear,NONE
USGS,3171000,101,1949-09-08,,Yes,SGA,USGS,4.17,9900,Good,,,Clear,NONE
USGS,3171000,102,1949-11-15,,Yes,CHH,USGS,3.1,5400,Fair,,,Clear,NONE
USGS,3171000,103,1950-01-09,,Yes,SGA,USGS,3.69,7880,Good,,,Clear,NONE
USGS,3171000,104,1950-05-17,,Yes,CHH,USGS,4.26,9860,Fair,,,Clear,NONE
USGS,3171000,105,1950-07-02,,Yes,SGA,USGS,2.64,3450,Good,,,Clear,NONE
USGS,3171000,106,1950-08-13,,Yes,CHH,USGS,2.03,1670,Good,,,,NONE
USGS,3171000,107,1950-09-25,,Yes,CHH,USGS,3.72,8390,Fair,,,Clear,NONE
USGS,3171000,108,1950-10-01,,Yes,SGA/CHH,USGS,2.02,1560,Good,,,Clear,NONE
USGS,3171000,109,1950-12-05,,Yes,CHH/SGA,USGS,4.35,11000,Good,,,Clear,NONE
USGS,3171000,110,1950-12-08,,Yes,HAN/AND,USGS,10.56,33600,Good,-0.97,1.9,,NONE
USGS,3171000,111,1951-01-05,,Yes,CHH,USGS,3.11,5680,Poor,,,Clear,NONE
USGS,3171000,112,1951-03-02,,Yes,BLJ/CHH,USGS,3.41,6950,Fair,,,Clear,NONE
USGS,3171000,113,1951-04-18,,Yes,CHH/BLJ,USGS,4.17,10800,Fair,,,Clear,NONE
USGS,3171000,114,1951-05-23,,Yes,CHH/BLJ,USGS,3.64,7620,Fair,,,Clear,NONE
USGS,3171000,115,1951-06-21,,Yes,SGA/BLJ,USGS,3.09,5290,Good,,,Clear,NONE
USGS,3171000,116,1951-07-11,,Yes,CHH/BLJ,USGS,2.94,4320,Good,,,Clear,NONE
USGS,3171000,117,1951-09-25,,Yes,CHH/BLJ,USGS,1.97,1480,Good,,,Clear,NONE
USGS,3171000,118,1951-10-05,,Yes,CHH,USGS,2.03,1550,Good,,,Clear,NONE
USGS,3171000,119,1951-11-06,,Yes,SGA/CHH,USGS,1.84,1220,Fair,,,Clear,NONE
USGS,3171000,120,1952-03-07,,Yes,BLJ/SGA,USGS,3.88,8880,Fair,,,Clear,NONE
USGS,3171000,121,1952-04-08,,Yes,SGA/BLJ,USGS,4.06,10500,Poor,,,Clear,NONE
USGS,3171000,122,1952-05-16,,Yes,BLJ/SGA,USGS,2.81,3920,Poor,,,Clear,NONE
USGS,3171000,123,1952-09-25,,Yes,SGA/CHH,USGS,1.62,761,Fair,,,,NONE
USGS,3171000,124,1952-10-30,,Yes,SGA/CHH,USGS,1.49,517,Fair,,,Clear,NONE
USGS,3171000,125,1952-12-17,,Yes,CHH/SGA,USGS,2.6,3030,Fair,,,Clear,NONE
USGS,3171000,126,1953-02-23,,Yes,CHH,USGS,4.64,10600,Fair,,,Clear,NONE
USGS,3171000,127,1953-04-25,,Yes,SGA/CHH,USGS,3.01,4590,Good,,,Clear,NONE
USGS,3171000,128,1953-08-19,,Yes,CHH,USGS,1.97,1320,Fair,,,Clear,NONE
USGS,3171000,129,1953-09-07,,Yes,CHH/SGA,USGS,2.12,1730,Good,,,Clear,NONE
USGS,3171000,130,1953-10-30,,Yes,CHH/SGA,USGS,2.08,1670,Good,,,Clear,NONE
USGS,3171000,131,1954-02-23,,Yes,SGA/CHH,USGS,4.32,10300,Good,,,,NONE
USGS,3171000,132,1954-03-03,,Yes,BLJ/SGA,USGS,3.6,7250,Fair,,,Clear,NONE
USGS,3171000,133,1954-07-23,,Yes,SGA/WGB,USGS,2.02,1520,Good,,,Clear,NONE
USGS,3171000,134,1954-07-23,,Yes,SGA/WGB,USGS,3.63,7710,Good,,,Clear,NONE
USGS,3171000,135,1954-10-11,,Yes,WGB/SGA,USGS,1.96,1360,Good,,,Clear,NONE
USGS,3171000,136,1954-12-07,,Yes,WEH/SGA,USGS,3.85,8860,Fair,,,Clear,NONE
USGS,3171000,137,1955-04-14,,Yes,WEH/AND,USGS,8.84,27600,Good,1.04,1.6,,NONE
USGS,3171000,138,1955-07-13,,Yes,WEH/SGA,USGS,4.58,11300,Fair,,,Clear,NONE
USGS,3171000,139,1955-09-22,,Yes,WGB/WEH,USGS,1.86,1210,Good,,,Clear,NONE
USGS,3171000,140,1955-10-04,,Yes,WGB/WEH,USGS,1.73,854,Good,,,Clear,NONE
USGS,3171000,141,1956-01-04,,Yes,SGA/WEH,USGS,1.83,1110,Good,,,Clear,NONE
USGS,3171000,142,1956-05-03,,Yes,WGB/WEH,USGS,4.53,11900,Good,,,Clear,NONE
USGS,3171000,143,1956-08-06,,Yes,WEH/SGA,USGS,1.85,1100,Fair,,,VegetationLight,NONE
USGS,3171000,144,1956-10-02,,Yes,WGB/WEH,USGS,2,1380,Fair,,,Clear,NONE
USGS,3171000,145,1957-03-05,,Yes,WEH/SGA,USGS,4.22,10500,Good,,,Clear,NONE
USGS,3171000,146,1957-04-05,,Yes,BON,USGS,15.25,56700,Good,0.35,1.6,,NONE
USGS,3171000,147,1957-08-08,,Yes,WGB/WEH,USGS,1.91,1270,Good,,,Clear,NONE
USGS,3171000,148,1957-10-03,,Yes,WEH/HDW,USGS,4.08,9820,Good,,,Clear,NONE
USGS,3171000,149,1957-12-06,,Yes,WEH/HDW,USGS,1.82,1100,Good,,,Clear,NONE
USGS,3171000,150,1957-12-06,,Yes,WEH/HDW,USGS,1.82,1080,Good,,,Clear,NONE
USGS,3171000,151,1957-12-06,,Yes,WEH/HDW,USGS,1.82,1050,Good,,,Clear,NONE
USGS,3171000,152,1958-03-31,,Yes,WEH/HDW,USGS,5.13,14200,Good,-0.01,1.3,,NONE
USGS,3171000,153,1958-06-25,,Yes,HDW/WEH,USGS,3.68,7610,Fair,,,Clear,NONE
USGS,3171000,154,1958-07-15,,Yes,WEH/HDW,USGS,1.94,1230,Fair,,,Clear,NONE
USGS,3171000,155,1958-10-09,,Yes,WEH/HDW,USGS,1.63,758,Fair,,,Clear,NONE
USGS,3171000,156,1959-03-16,,Yes,WEH/HDW,USGS,4.03,9690,Good,,,Clear,NONE
USGS,3171000,157,1959-07-09,,Yes,WEH/HDW,USGS,1.66,826,Fair,,,Clear,NONE
USGS,3171000,158,1959-10-13,,Yes,WEH/HDW,USGS,1.87,1140,Good,,,Clear,NONE
USGS,3171000,159,1960-01-28,,Yes,HDW/SGA,USGS,3.87,8950,Good,,,Clear,NONE
USGS,3171000,160,1960-03-31,,Yes,WEH,USGS,11.55,36300,Fair,-0.2,1.3,,NONE
USGS,3171000,161,1960-06-06,,Yes,WEH/HDW,USGS,1.82,961,Good,,,Clear,NONE
USGS,3171000,162,1960-08-18,,Yes,HDW/WEH,USGS,4.12,9860,Good,,,Clear,NONE
USGS,3171000,163,1960-10-07,,Yes,WEH,USGS,1.66,656,Good,,,Clear,NONE
USGS,3171000,164,1960-10-07,,Yes,WEH,USGS,1.66,630,Good,,,Clear,NONE
USGS,3171000,165,1960-11-21,,Yes,WEH,USGS,1.72,701,Fair,,,Clear,NONE
USGS,3171000,166,1960-11-21,,Yes,WEH,USGS,1.72,745,Good,,,Clear,NONE
USGS,3171000,167,1961-02-27,,Yes,WEH/SGA,USGS,4.7,11700,Good,,,Clear,NONE
USGS,3171000,168,1961-02-27,,Yes,WEH/SGA,USGS,4.7,11300,Good,,,Clear,NONE
USGS,3171000,169,1961-06-07,,Yes,HDW,USGS,1.85,1000,Good,,,Clear,NONE
USGS,3171000,170,1961-10-12,,Yes,WEH/HDW,USGS,3.25,5670,Fair,,,Clear,NONE
USGS,3171000,171,1962-01-24,,Yes,SGA/JWT,USGS,2.04,1560,Good,,,Clear,NONE
USGS,3171000,172,1962-01-24,,Yes,SGA/JWT,USGS,4.13,10200,Good,,,Clear,NONE
USGS,3171000,173,1962-06-07,,Yes,HDW,USGS,1.9,1030,Good,,,Clear,NONE
USGS,3171000,174,1962-06-07,,Yes,HDW,USGS,1.9,945,Good,,,Clear,NONE
USGS,3171000,175,1962-10-24,,Yes,WEH,USGS,1.86,890,Good,,,VegetationLight,NONE
USGS,3171000,176,1962-10-24,,Yes,WEH,USGS,1.86,892,Good,,,VegetationLight,NONE
USGS,3171000,177,1963-03-27,,Yes,WEH/HDW,USGS,4.1,9140,Good,,,Clear,NONE
USGS,3171000,178,1963-05-21,,Yes,HDW,USGS,1.71,745,Good,,,Clear,NONE
USGS,3171000,179,1963-05-21,,Yes,HDW,USGS,1.71,714,Good,,,Clear,NONE
USGS,3171000,180,1963-12-09,,Yes,HDW,USGS,1.8,945,Good,,,Clear,NONE
USGS,3171000,181,1963-12-09,,Yes,HDW,USGS,1.8,962,Good,,,Clear,NONE
USGS,3171000,182,1964-04-13,,Yes,WEH/HDW,USGS,3.75,7920,Good,,,Clear,NONE
USGS,3171000,183,1964-08-12,,Yes,HDW,USGS,1.66,670,Fair,,,Clear,NONE
USGS,3171000,184,1964-08-12,,Yes,HDW,USGS,1.66,649,Fair,,,Clear,NONE
USGS,3171000,185,1964-10-12,,Yes,HDW/CRB,USGS,2.71,3160,Fair,,,Clear,NONE
USGS,3171000,186,1965-02-11,,Yes,WEH/HDW,USGS,4.3,9900,Good,,,Clear,NONE
USGS,3171000,187,1965-07-12,,Yes,HDW/CRB,USGS,4.28,9530,Good,,,Clear,NONE
USGS,3171000,188,1965-10-12,,Yes,HDW,USGS,1.7,740,Fair,,,Clear,NONE
USGS,3171000,189,1965-10-12,,Yes,HDW,USGS,1.7,675,Good,,,Clear,NONE
USGS,3171000,190,1966-03-02,,Yes,CRB/HDW,USGS,3.98,8980,Good,,,Clear,NONE
USGS,3171000,191,1966-03-02,,Yes,CRB/HDW,USGS,4.04,9300,Good,,,Clear,NONE
USGS,3171000,192,1966-05-31,,Yes,WEH,USGS,1.86,1050,Good,,,Clear,NONE
USGS,3171000,193,1966-05-31,,Yes,WEH,USGS,1.86,950,Good,,,Clear,NONE
USGS,3171000,194,1966-08-17,,Yes,WEH/JMG,USGS,3.8,8150,Good,,,Clear,NONE
USGS,3171000,195,1966-08-17,,Yes,WEH/JMG,USGS,3.86,7880,Good,,,Clear,NONE
USGS,3171000,196,1966-10-25,,Yes,HDW/WEH,USGS,2.01,1440,Good,,,Clear,NONE
USGS,3171000,197,1967-01-04,,Yes,HDW/JMG,USGS,3.92,8370,Good,,,Clear,NONE
USGS,3171000,198,1967-04-27,,Yes,HDW/JMG,USGS,3.94,8120,Good,,,Clear,NONE
USGS,3171000,199,1967-08-21,,Yes,WEH/JMG,USGS,1.82,976,Good,,,Clear,NONE
USGS,3171000,200,1967-08-21,,Yes,WEH/JMG,USGS,1.82,1220,Good,,,Clear,NONE
USGS,3171000,201,1967-10-23,,Yes,WEH,USGS,1.7,690,Good,,,Clear,NONE
USGS,3171000,202,1967-10-23,,Yes,WEH,USGS,1.7,676,Good,,,Clear,NONE
USGS,3171000,203,1968-01-31,,Yes,HDW/JMG,USGS,4.64,11600,Good,,,Clear,NONE
USGS,3171000,204,1968-04-18,,Yes,HDW/WEH,USGS,3.61,7010,Fair,,,Clear,NONE
USGS,3171000,205,1968-07-01,,Yes,WEH/HDW,USGS,1.7,755,Good,,,Clear,NONE
USGS,3171000,206,1968-07-01,,Yes,WEH/HDW,USGS,1.7,744,Good,,,Clear,NONE
USGS,3171000,207,1968-10-14,,Yes,HDW,USGS,1.66,785,Fair,,,Clear,NONE
USGS,3171000,208,1968-10-14,,Yes,HDW,USGS,1.66,719,Good,,,Clear,NONE
USGS,3171000,209,1969-01-22,,Yes,HDW/JMG,USGS,3.77,7380,Good,,,Clear,NONE
USGS,3171000,210,1969-05-01,,Yes,HDW/JMG,USGS,3.72,7590,Good,,,Clear,NONE
USGS,3171000,211,1969-10-02,,Yes,JMG/WEH,USGS,2.1,1670,Fair,,,Clear,NONE
USGS,3171000,212,1970-01-29,,Yes,HDW/JMG,USGS,3.37,6660,Good,,,Clear,NONE
USGS,3171000,213,1970-04-24,,Yes,JMG/HDW,USGS,3.17,5500,Good,,,Clear,NONE
USGS,3171000,214,1970-10-13,,Yes,JMG,USGS,1.66,702,Good,,,Clear,NONE
USGS,3171000,215,1970-10-13,,Yes,JMG,USGS,1.66,686,Good,,,Clear,NONE
USGS,3171000,216,1971-01-13,,Yes,HDW/JMG,USGS,3.33,6540,Good,,,Clear,NONE
USGS,3171000,217,1971-03-31,,Yes,WEH/JMG,USGS,3.46,7070,Good,,,Clear,NONE
USGS,3171000,218,1971-10-21,,Yes,WEH/JMG,USGS,3.6,6770,Good,,,Clear,NONE
USGS,3171000,219,1972-01-12,,Yes,WEH/HDW,USGS,3.8,7470,Good,,,Clear,NONE
USGS,3171000,220,1972-04-11,,Yes,HDW/JMG,USGS,3.99,8350,Good,,,Clear,NONE
USGS,3171000,221,1972-10-11,,Yes,HDW/WEH,USGS,3.84,7630,Good,,,Clear,NONE
USGS,3171000,222,1973-01-17,,Yes,WEH/JMG,USGS,3.66,7620,Good,,,Clear,NONE
USGS,3171000,223,1973-05-21,,Yes,HDW/JMG,USGS,3.48,6600,Good,,,Clear,NONE
USGS,3171000,224,1973-05-28,,Yes,HDW/WEH,USGS,18.81,75200,Good,-1.22,1.5,,NONE
USGS,3171000,225,1973-10-11,,Yes,JMG/HDW,USGS,3.53,6660,Good,,,Clear,NONE
USGS,3171000,226,1974-01-15,,Yes,HDW/JMG,USGS,3.96,9360,Good,,,Clear,NONE
USGS,3171000,227,1974-04-17,,Yes,HDW/JMG,USGS,3.73,7780,Good,,,Clear,NONE
USGS,3171000,228,1974-10-11,,Yes,HDW/JMG,USGS,3.42,6390,Good,,,Clear,NONE
USGS,3171000,229,1975-01-15,,Yes,HDW/JMG,USGS,3.68,7260,Good,,,Clear,NONE
USGS,3171000,230,1975-04-09,,Yes,HDW/JMG,USGS,3.75,7780,Good,,,Clear,NONE
USGS,3171000,231,1975-07-15,,Yes,HDW/JMG,USGS,3.24,5630,Good,,,Clear,NONE
USGS,3171000,232,1975-10-17,,Yes,HDW/JMG,USGS,3.7,7280,Good,,,Clear,NONE
USGS,3171000,233,1976-01-15,,Yes,HDW/JMG,USGS,3.16,5510,Good,,,Clear,NONE
USGS,3171000,234,1976-04-14,,Yes,HDW/JMG,USGS,3.5,6790,Good,,,Clear,NONE
USGS,3171000,235,1976-07-16,,Yes,HDW/JMG,USGS,3.66,6940,Good,,,Clear,NONE
USGS,3171000,236,1976-10-29,,Yes,HDW/HGH,USGS,3.61,7080,Good,,,Clear,NONE
USGS,3171000,237,1977-02-25,,Yes,JMG/HGH,USGS,4.7,11800,Good,,,Clear,NONE
USGS,3171000,238,1977-05-16,,Yes,JMG/HGH,USGS,4.07,10300,Good,,,Clear,NONE
USGS,3171000,239,1977-10-31,,Yes,HDW/HGH,USGS,3.95,8150,Good,,,Clear,NONE
USGS,3171000,240,1978-03-07,,Yes,HDW/JMG,USGS,3.74,7660,Good,,,Clear,NONE
USGS,3171000,241,1978-07-17,,Yes,JMG/HGH,USGS,3.8,8180,Good,,,Clear,NONE
USGS,3171000,242,1978-10-11,,Yes,JMG/HGH,USGS,2.66,3620,Good,,,Clear,NONE
USGS,3171000,243,1979-03-07,,Yes,HGH/BRI,USGS,5.14,13300,Good,-0.29,1.3,,NONE
USGS,3171000,244,1979-05-08,,Yes,HGH/RMB,USGS,3.75,8100,Good,,,Clear,NONE
USGS,3171000,245,1979-10-02,,Yes,HGH/RCB,USGS,4.12,9530,Good,,,,NONE
USGS,3171000,246,1980-01-16,,Yes,JMG/HDW,USGS,3.8,7910,Fair,,,Clear,NONE
USGS,3171000,247,1980-06-03,,Yes,hh/b,USGS,3.18,5160,Fair,,,,NONE
USGS,3171000,248,1980-10-02,,Yes,hh/slw,USGS,3.24,5270,Good,,,,NONE
USGS,3171000,249,1981-01-08,,Yes,g/slw,USGS,2.24,2160,Fair,,,,NONE
USGS,3171000,250,1981-04-14,,Yes,g/hh,USGS,3.84,8660,Good,,,,NONE
USGS,3171000,251,1981-07-28,,Yes,slw/hh,USGS,2.88,3990,Unspecified,,,,NONE
USGS,3171000,252,1981-09-17,,Yes,hh,USGS,1.85,1120,Good,,,,NONE
USGS,3171000,253,1981-09-17,,Yes,hh,USGS,1.84,931,Good,,,,NONE
USGS,3171000,254,1982-02-23,,Yes,b/hh,USGS,3.38,6530,Good,,,,NONE
USGS,3171000,255,1982-06-02,,Yes,h/w,USGS,3.41,6160,Good,,,,NONE
USGS,3171000,256,1982-08-12,,Yes,h,USGS,1.85,1050,Good,,,,NONE
USGS,3171000,257,1982-08-12,,Yes,h,USGS,1.85,1040,Fair,,,,NONE
USGS,3171000,258,1982-10-13,,Yes,w/hh,USGS,3.98,8410,Good,,,,NONE
USGS,3171000,259,1983-01-11,,Yes,w/hh,USGS,3.97,8260,Fair,,,,NONE
USGS,3171000,260,1983-04-13,,Yes,w/hh,USGS,4.86,13600,Good,,,,NONE
USGS,3171000,261,1983-04-13,,Yes,w/hh,USGS,4.86,13300,Good,,,,NONE
USGS,3171000,262,1983-07-29,,Yes,w,USGS,1.8,811,Fair,,,,NONE
USGS,3171000,263,1983-07-29,,Yes,w,USGS,1.8,906,Fair,,,,NONE
USGS,3171000,264,1983-09-09,,Yes,h,USGS,1.8,853,Good,,,,NONE
USGS,3171000,265,1983-09-09,,Yes,h,USGS,1.8,806,Good,,,,NONE
USGS,3171000,266,1983-09-09,,Yes,h,USGS,1.8,820,Fair,,,,NONE
USGS,3171000,267,1983-10-13,,Yes,w/hh,USGS,3.47,6340,Good,,,,NONE
USGS,3171000,268,1984-01-04,,Yes,w/hh,USGS,3.71,6800,Good,,,,NONE
USGS,3171000,269,1984-04-19,,Yes,w/hh,USGS,3.86,8170,Good,,,,NONE
USGS,3171000,270,1984-08-09,,Yes,w,USGS,1.79,887,Good,,,,NONE
USGS,3171000,271,1984-08-09,,Yes,w,USGS,1.79,860,Good,,,,NONE
USGS,3171000,272,1984-10-22,,Yes,b,USGS,2.06,1460,Good,,,,NONE
USGS,3171000,273,1984-10-22,,Yes,b,USGS,2.06,1390,Good,,,,NONE
USGS,3171000,274,1985-02-28,,Yes,hh/b,USGS,3.68,7480,Good,,,,NONE
USGS,3171000,275,1985-04-12,,Yes,b/hh,USGS,3.44,6320,Good,,,,NONE
USGS,3171000,276,1985-08-07,,Yes,hh,USGS,1.8,903,Good,,,,NONE
USGS,3171000,277,1985-08-07,,Yes,hh,USGS,1.8,912,Good,,,,NONE
USGS,3171000,278,1985-10-11,,Yes,hh,USGS,1.88,989,Good,,,,NONE
USGS,3171000,279,1985-10-11,,Yes,hh,USGS,1.9,1110,Good,,,,NONE
USGS,3171000,280,1986-01-15,,Yes,hh/b,USGS,3.26,5360,Good,,,,NONE
USGS,3171000,281,1986-04-16,,Yes,hh/b,USGS,3.72,7340,Good,,,,NONE
USGS,3171000,282,1986-10-30,,Yes,b,USGS,2.02,1450,Fair,,,,NONE
USGS,3171000,283,1986-10-30,,Yes,b,USGS,2.02,1320,Fair,,,,NONE
USGS,3171000,284,1987-02-12,,Yes,hh/b,USGS,3.8,8480,Good,,,,NONE
USGS,3171000,285,1987-07-23,,Yes,b,USGS,1.91,1210,Good,,,,NONE
USGS,3171000,286,1987-07-23,,Yes,b,USGS,1.91,1060,Good,,,,NONE
USGS,3171000,287,1987-12-10,,Yes,hh,USGS,2.05,1480,Good,,,,NONE
USGS,3171000,288,1987-12-10,,Yes,hh,USGS,2.05,1540,Good,,,,NONE
USGS,3171000,289,1988-02-29,,Yes,hh/b,USGS,3.29,5870,Good,,,,NONE
USGS,3171000,290,1988-08-04,,Yes,hh,USGS,1.74,833,Good,,,,NONE
USGS,3171000,291,1988-08-04,,Yes,hh,USGS,1.74,851,Fair,,,,NONE
USGS,3171000,292,1988-10-12,,Yes,hh,USGS,1.77,787,Good,,,,NONE
USGS,3171000,293,1988-10-12,,Yes,hh,USGS,1.77,926,Good,,,,NONE
USGS,3171000,294,1989-01-25,,Yes,hh/b,USGS,3.47,6960,Good,,,,NONE
USGS,3171000,295,1989-04-18,,Yes,hh/h,USGS,3.43,6580,Good,,,,NONE
USGS,3171000,296,1989-08-22,,Yes,hh,USGS,1.9,1010,Good,,,,NONE
USGS,3171000,297,1989-08-22,,Yes,hh,USGS,1.9,981,Fair,,,,NONE
USGS,3171000,298,1989-10-11,,Yes,mre/hh,USGS,2.55,2780,Fair,,,,NONE
USGS,3171000,299,1990-02-15,,Yes,mre/hh,USGS,3.94,8750,Good,,,,NONE
USGS,3171000,300,1990-05-31,,Yes,mre/hh,USGS,4.12,9020,Good,,,,NONE
USGS,3171000,301,1990-08-29 9:50:00,EDT,Yes,HGH,USGS,1.89,952,Good,0,0.8,Clear,NONE
USGS,3171000,302,1990-08-29 9:50:00,EDT,Yes,MRE,USGS,1.89,960,Fair,0,0.7,Clear,NONE
USGS,3171000,303,1990-10-16 10:30:00,EDT,Yes,HGH/MRE,USGS,3.2,5030,Good,0.14,1.3,Clear,NONE
USGS,3171000,304,1991-04-01 10:15:00,EST,Yes,HGH/MRE,USGS,4.8,10700,Good,0,1,Clear,NONE
USGS,3171000,305,1991-04-15 11:05:00,EDT,Yes,HGH/MRE,USGS,3.11,4880,Good,0,0.9,Clear,NONE
USGS,3171000,306,1991-05-31 10:00:00,EDT,Yes,HGH/MRE,USGS,2.98,4010,Fair,-0.01,1.3,Clear,NONE
USGS,3171000,307,1991-08-30 9:30:00,EDT,Yes,HGH,USGS,1.92,1010,Good,0,0.5,Clear,NONE
USGS,3171000,308,1991-08-30 9:30:00,EDT,Yes,DWA,USGS,1.92,942,Good,0,0.5,Clear,NONE
USGS,3171000,309,1991-10-09 10:15:00,EDT,Yes,HGH,USGS,2.03,1210,Good,0.08,0.7,Clear,NONE
USGS,3171000,310,1991-10-09 10:15:00,EDT,Yes,DWA,USGS,2.03,1140,Good,0.08,0.7,Clear,NONE
USGS,3171000,311,1992-01-17 10:35:00,EST,Yes,MRE/HGH,USGS,3.63,7400,Fair,-0.47,0.9,Clear,NONE
USGS,3171000,312,1992-04-10 10:05:00,EDT,Yes,HGH/DWA,USGS,3.83,7960,Fair,0.03,1,Clear,NONE
USGS,3171000,313,1992-08-25 8:10:00,EDT,Yes,HGH,USGS,2.36,2280,Good,0,0.7,Clear,NONE
USGS,3171000,314,1992-08-25 8:15:00,EDT,Yes,DWA,USGS,2.36,2160,Fair,0,0.8,Clear,NONE
USGS,3171000,315,1992-10-09 10:15:00,EDT,Yes,HGH/DWA,USGS,3.21,5400,Good,0.15,0.9,Clear,NONE
USGS,3171000,316,1993-01-11 10:30:00,EST,Yes,HGH/DWA,USGS,3.97,8640,Fair,0.02,1.1,Clear,NONE
USGS,3171000,317,1993-04-02 10:20:00,EST,Yes,HGH/DWA,USGS,4.81,12300,Good,-0.25,0.9,Clear,NONE
USGS,3171000,318,1993-08-17 9:10:00,EDT,Yes,HGH/MRE,USGS,2.33,2110,Fair,0,0.3,Clear,NONE
USGS,3171000,319,1993-10-13 8:55:00,EDT,Yes,MRE,USGS,1.96,1120,Fair,0.09,0.7,Clear,NONE
USGS,3171000,320,1993-10-13 8:55:00,EDT,Yes,DWA,USGS,1.96,1130,Good,0.1,0.8,Clear,NONE
USGS,3171000,321,1994-01-27 10:15:00,EST,Yes,MRE/HGH,USGS,3.91,8940,Fair,0,0.8,Clear,NONE
USGS,3171000,322,1994-04-20 10:40:00,EDT,Yes,MRE/HGH,USGS,3.16,5200,Fair,0.03,,Clear,NONE
USGS,3171000,323,1994-08-19 10:30:00,EDT,Yes,DWA/MRE,USGS,5.82,14800,Good,-0.3,0.9,Clear,NONE
USGS,3171000,324,1994-10-12 10:05:00,EDT,Yes,HGH/MRE,USGS,2.46,2520,Fair,0.01,1.2,,NONE
USGS,3171000,325,1994-12-29 10:05:00,EST,Yes,MRE,USGS,4.02,8810,Good,0.03,1.1,Clear,NONE
USGS,3171000,326,1995-07-11 10:20:00,EDT,Yes,MRE/HGH,USGS,2.58,2560,Fair,0,0.9,Clear,NONE
USGS,3171000,327,1995-10-11 10:00:00,EDT,Yes,HGH/DWA,USGS,2.62,2970,Good,0.01,0.8,Clear,NONE
USGS,3171000,328,1996-04-05 9:20:00,EST,Yes,HGH/DWA,USGS,3.91,8810,Fair,0.03,0.9,Clear,NONE
USGS,3171000,329,1996-07-29 10:25:00,EDT,Yes,HGH/DWA,USGS,2.43,2300,Fair,0.07,0.8,Clear,NONE
USGS,3171000,330,1996-10-23 10:05:00,EDT,Yes,DWA/MRE,USGS,3.18,5000,Fair,0.53,1,Clear,NONE
USGS,3171000,331,1997-01-23 9:20:00,EST,Yes,HGH/MRE,USGS,4.02,8410,Good,0.03,1.2,Clear,NONE
USGS,3171000,332,1997-04-25 10:30:00,EDT,Yes,DWA/HGH,USGS,3.65,7560,Fair,-0.06,1,Clear,NONE
USGS,3171000,333,1997-08-29 10:30:00,EDT,Yes,HGH/DWA,USGS,1.95,1010,Fair,0,1.1,Clear,NONE
USGS,3171000,334,1997-11-20 10:45:00,EST,Yes,MRE/DWA,USGS,2.07,1550,Good,0.02,1.1,Clear,NONE
USGS,3171000,335,1998-02-24 10:20:00,EST,Yes,DWA/MRE,USGS,4.24,10300,Good,0.02,1,Clear,NONE
USGS,3171000,336,1998-05-28 9:00:00,EDT,Yes,DWA/MRE,USGS,4.51,10800,Good,0,1.1,DebrisLight,NONE
USGS,3171000,337,1998-08-20 10:55:00,EDT,Yes,DWA/MRE,USGS,2.39,2100,Fair,-0.01,1.1,Clear,NONE
USGS,3171000,338,1998-11-19 9:40:00,EST,Yes,HGH,USGS,2.14,1790,Fair,0,0.8,Clear,NONE
USGS,3171000,339,1998-11-19 9:45:00,EST,Yes,MRE,USGS,2.14,1610,Fair,0,0.8,Clear,NONE
USGS,3171000,340,1999-02-26 10:30:00,EST,Yes,DWA,USGS,3.89,8320,Good,0.02,1,Clear,NONE
USGS,3171000,341,1999-04-13 10:25:00,EDT,Yes,MRE,USGS,3.75,7720,Fair,0.18,0.9,Clear,NONE
USGS,3171000,342,1999-05-26 11:25:00,EDT,Yes,DWA,USGS,2.02,1540,Poor,-0.01,0.8,Clear,NONE
USGS,3171000,343,1999-07-09 9:00:00,EDT,Yes,DWA,USGS,2.03,1370,Good,0.04,0.8,Clear,NONE
USGS,3171000,344,1999-07-09 9:00:00,EDT,Yes,HGH,USGS,2.03,1420,Fair,0.04,0.9,Clear,NONE
USGS,3171000,345,1999-08-31 9:35:00,EDT,Yes,HGH,USGS,1.84,1200,Fair,0,0.8,Clear,NONE
USGS,3171000,346,1999-08-31 9:35:00,EDT,Yes,MRE,USGS,1.84,1030,Good,0,0.8,Clear,NONE
USGS,3171000,347,1999-10-08 10:45:00,EDT,Yes,HGH,USGS,1.87,1100,Fair,0.02,0.9,Clear,NONE
USGS,3171000,348,1999-10-08 10:45:00,EDT,Yes,MRE,USGS,1.87,1070,Fair,0.02,0.8,Clear,NONE
USGS,3171000,349,2000-01-07 11:00:00,EST,Yes,DWA,USGS,1.83,807,Fair,-0.01,0.5,Clear,NONE
USGS,3171000,350,2000-04-19 9:45:00,EDT,Yes,DWA/HGH,USGS,4.71,11800,Fair,-0.01,1,Clear,NONE
USGS,3171000,351,2000-06-08 9:50:00,EDT,Yes,HGH/MRE,USGS,2.29,2050,Fair,0.07,1.1,Clear,NONE
USGS,3171000,352,2000-07-19 10:25:00,EDT,Yes,DWA/HGH,USGS,1.88,960,Fair,0,0.5,Clear,NONE
USGS,3171000,353,2000-08-21 9:05:00,EDT,Yes,DWA,USGS,1.89,972,Fair,-0.01,0.8,Clear,NONE
USGS,3171000,354,2000-10-05 9:15:00,EDT,Yes,HGH,USGS,2.03,1450,Fair,-0.03,0.8,Clear,NONE
USGS,3171000,355,2000-11-16 9:00:00,EST,Yes,HGH/MRE,USGS,2.21,1920,Fair,0.07,0.4,Clear,NONE
USGS,3171000,356,2001-01-02 10:55:00,EST,Yes,DWA/HGH,USGS,2.32,2010,Fair,-0.51,1.8,Clear,NONE
USGS,3171000,357,2001-02-23 9:50:00,EST,Yes,DWA/HGH,USGS,3.3,5990,Good,-0.23,0.9,Clear,NONE
USGS,3171000,358,2001-03-12 12:15:00,EST,Yes,DWA,USGS,2.02,1460,Good,-0.17,0.8,Clear,NONE
USGS,3171000,359,2001-04-05 10:25:00,EDT,Yes,DWA,USGS,3.85,8790,Good,0.01,0.5,Clear,NONE
USGS,3171000,360,2001-06-04 11:25:00,EDT,Yes,DWA,USGS,2.71,3510,Fair,0.05,0.3,Clear,NONE
USGS,3171000,361,2001-07-13 11:10:00,EDT,Yes,DWA,USGS,2.23,1740,Fair,0.05,0.6,Clear,NONE
USGS,3171000,362,2001-08-24 10:45:00,EDT,Yes,DWA,USGS,2.05,1400,Fair,0.01,0.7,VegetationLight,NONE
USGS,3171000,363,2001-10-09 9:50:00,EDT,Yes,HGH/MRE,USGS,1.98,1180,Good,-0.06,0.6,Clear,NONE
USGS,3171000,364,2002-01-14 12:15:00,EST,Yes,DWA,USGS,2.09,1430,Fair,-0.11,0.5,Clear,NONE
USGS,3171000,365,2002-02-28 11:25:00,EST,Yes,HGH,USGS,2.16,1750,Good,-0.28,0.8,Clear,NONE
USGS,3171000,366,2002-04-03 10:12:00,EST,Yes,DWA,USGS,3.28,5490,Fair,-0.13,0.3,Clear,NONE
USGS,3171000,367,2002-05-10 11:00:00,EDT,Yes,DWA,USGS,2.73,3520,Fair,0.01,0.5,Clear,NONE
USGS,3171000,368,2002-07-12 11:10:00,EDT,Yes,DWA,USGS,2.18,1790,Good,0,0.7,Clear,NONE
USGS,3171000,369,2002-08-16 9:00:00,EDT,Yes,HGH,USGS,1.69,796,Good,-0.01,0.8,Clear,NONE
USGS,3171000,370,2002-10-08 9:15:00,EDT,Yes,DWA,USGS,1.79,923,Good,-0.01,0.6,Clear,NONE
USGS,3171000,371,2003-01-10 10:00:00,EST,Yes,DWA,USGS,3.41,6280,Good,0.02,0.4,Clear,NONE
USGS,3171000,372,2003-02-24 9:55:00,EST,Yes,DWA,USGS,7.26,22100,Fair,0.01,0.4,Unspecifed,NONE
USGS,3171000,373,2003-05-13 9:00:00,EDT,Yes,DWA,USGS,2.75,3840,Good,0.03,0.7,Clear,NONE
USGS,3171000,374,2003-08-11 11:40:00,EDT,Yes,DWA,USGS,4.25,9160,Good,0,0.7,Clear,NONE
USGS,3171000,375,2003-11-12 10:25:00,EST,Yes,DWA,USGS,3.14,4640,Fair,0.06,0.8,Clear,NONE
USGS,3171000,376,2003-11-20 12:20:00,EST,Yes,DWA,USGS,13.78,47600,Excellent,-0.1,0.6,Clear,NONE
USGS,3171000,377,2004-01-16 10:15:00,EST,Yes,DWA,USGS,4.03,8840,Good,-0.02,0.3,Clear,NONE
USGS,3171000,378,2004-02-23 10:30:00,EST,Yes,DWA,USGS,4.14,9570,Fair,0,0.3,Clear,NONE
USGS,3171000,379,2004-04-13 13:20:00,EDT,Yes,DWA,USGS,4.82,12400,Good,0.01,0.3,Clear,NONE
USGS,3171000,380,2004-05-24 10:05:00,EDT,Yes,DWA,USGS,2.16,1630,Good,0.06,0.4,Clear,NONE
USGS,3171000,381,2004-06-29 10:25:00,EDT,Yes,DWA,USGS,3.01,3720,Fair,0.02,0.7,DebrisLight,NONE
USGS,3171000,382,2004-08-27 10:45:00,EDT,Yes,DWA,USGS,2.06,1090,Fair,-0.02,0.5,Clear,NONE
USGS,3171000,383,2004-10-18 10:15:00,EDT,Yes,DWA,USGS,2.29,1870,Fair,0,1,Clear,NONE
USGS,3171000,384,2004-11-17 11:00:00,EST,Yes,DWA,USGS,2.84,3690,Good,0.02,0.3,Clear,NONE
USGS,3171000,385,2005-01-13 9:40:00,EST,Yes,DWA,USGS,2.5,2630,Fair,0.01,0.3,Clear,NONE
USGS,3171000,386,2005-02-23 9:50:00,EST,Yes,DWA,USGS,3.56,7090,Good,0.01,0.3,Clear,NONE
USGS,3171000,387,2005-04-07 11:25:00,EDT,Yes,DWA,USGS,3.96,8950,Good,0,0.3,Clear,NONE
USGS,3171000,388,2005-05-09 11:10:00,EDT,Yes,DWA,USGS,2.46,2470,Good,-0.01,0.3,Clear,NONE
USGS,3171000,389,2005-07-11 9:40:00,EDT,Yes,DWA,USGS,2.55,2540,Fair,-0.01,0.3,Clear,NONE
USGS,3171000,390,2005-08-15 11:10:00,EDT,Yes,DWA,USGS,2.27,1640,Fair,0,0.5,DebrisLight,NONE
USGS,3171000,391,2005-11-09 11:10:00,EST,Yes,DWA,USGS,1.97,1110,Fair,0,0.7,Clear,NONE
USGS,3171000,392,2006-01-04 10:30:00,EST,Yes,DWA,USGS,2.98,4480,Good,0.06,0.3,Clear,NONE
USGS,3171000,393,2006-02-06 11:30:00,EST,Yes,DWA,USGS,3.52,6750,Good,-0.02,0.3,Clear,NONE
USGS,3171000,394,2006-04-05 11:30:00,EDT,Yes,DWA,USGS,3.07,4900,Good,0,0.3,Clear,NONE
USGS,3171000,395,2006-05-26 10:50:00,EDT,Yes,DWA,USGS,2.12,1520,Good,0,0.5,Clear,NONE
USGS,3171000,396,2006-07-20 11:05:00,EDT,Yes,DWA,USGS,2.39,2070,Good,0,0.4,Clear,NONE
USGS,3171000,397,2006-10-03 11:25:00,EDT,Yes,DWA,USGS,2.16,1570,Fair,0.06,0.6,Clear,NONE
USGS,3171000,398,2006-11-06 12:05:00,EST,Yes,DWA,USGS,2.9,3990,Good,-0.07,0.6,Clear,NONE
USGS,3171000,399,2007-01-03 11:20:00,EST,Yes,DWA,USGS,4.5,10900,Good,0,0.3,Clear,NONE
USGS,3171000,400,2007-02-27 11:30:00,EST,Yes,DWA,USGS,3.51,6550,Good,0,0.2,Clear,NONE
USGS,3171000,401,2007-04-02 10:51:00,EDT,Yes,DWA,USGS,4.03,9360,Good,-0.14,0.3,Clear,NONE
USGS,3171000,402,2007-05-22 9:54:00,EDT,Yes,DWA,USGS,2.2,1920,Good,0.02,0.4,Clear,NONE
USGS,3171000,403,2007-07-09 11:09:00,EDT,Yes,DWA,USGS,1.95,1160,Good,0,0.6,Clear,NONE
USGS,3171000,404,2007-08-20 13:02:00,EDT,Yes,DWA,USGS,1.86,1030,Good,0.05,0.6,Clear,NONE
USGS,3171000,405,2007-10-01 9:51:00,EDT,Yes,DWA,USGS,1.73,854,Fair,-0.02,0.8,Clear,NONE
USGS,3171000,406,2007-11-27 12:48:00,EST,Yes,DWA,USGS,1.86,1010,Fair,-0.03,0.3,Clear,NONE
USGS,3171000,407,2008-01-16 11:36:00,EST,Yes,DWA,USGS,2.55,3040,Good,-0.06,0.4,Clear,NONE
USGS,3171000,408,2008-02-19 11:10:00,EST,Yes,DWA,USGS,2.88,4120,Fair,-0.07,0.3,Clear,NONE
USGS,3171000,409,2008-05-16 12:11:00,EDT,Yes,DWA,USGS,3.08,4900,Good,-0.03,0.2,Clear,NONE
USGS,3171000,410,2008-07-15 11:54:00,EDT,Yes,DWA,USGS,2.11,1630,Good,-0.03,0.6,Clear,NONE
USGS,3171000,411,2008-08-12 11:21:00,EDT,Yes,DWA,USGS,1.76,842,Poor,0,1,Clear,NONE
USGS,3171000,412,2008-10-01 12:06:00,EDT,Yes,DWA,USGS,2.26,2030,Fair,0,0.4,Clear,NONE
USGS,3171000,413,2008-11-19 11:57:00,EST,Yes,DWA,USGS,2.02,1430,Fair,-0.06,0.7,Clear,NONE
USGS,3171000,414,2009-01-14 10:30:00,EST,Yes,DWA,USGS,3.51,7110,Good,0,0.2,Clear,NONE
USGS,3171000,415,2009-02-06 10:28:00,EST,Yes,DWA,USGS,2.84,4710,Unspecified,0.03,0.3,Clear,NONE
USGS,3171000,416,2009-03-26 9:40:00,EDT,Yes,DWA,USGS,2.86,4870,Unspecified,0.05,0.3,Clear,NONE
USGS,3171000,417,2009-05-15 13:15:00,EDT,Yes,DWA,USGS,3,4030,Good,-0.05,0.3,Clear,NONE
USGS,3171000,418,2009-07-21 11:49:00,EDT,Yes,DWA,USGS,2.58,2740,Good,0,0.4,Clear,NONE
USGS,3171000,419,2009-08-28 9:30:00,EDT,Yes,DWA,USGS,2.28,2010,Fair,0.03,0.9,Clear,NONE
USGS,3171000,420,2009-10-06 13:01:00,EDT,Yes,DWA,USGS,2.26,1980,Good,-0.03,0.4,Clear,NONE
USGS,3171000,421,2009-11-19 13:04:30,EST,Yes,DWA,USGS,3.6,7230,Good,0,0.3,Clear,NONE
USGS,3171000,422,2010-01-27 14:09:30,EST,Yes,DWA,USGS,5.3,14200,Good,-0.04,0.1,Clear,NONE
USGS,3171000,423,2010-03-12 13:47:30,EST,Yes,DWA,USGS,4.02,9330,Good,0,0.2,Clear,NONE
USGS,3171000,424,2010-04-06 10:04:47,EDT,Yes,DWA,USGS,3.63,7570,Good,0,0.2,Clear,NONE
USGS,3171000,425,2010-05-19 13:13:30,EDT,Yes,DWA,USGS,3.34,5790,Good,-0.03,0.2,Clear,NONE
USGS,3171000,426,2010-07-07 9:59:03,EDT,Yes,DWA,USGS,2,1270,Good,0,0.3,Clear,NONE
USGS,3171000,427,2010-08-25 10:08:46,EDT,Yes,DWA,USGS,2.48,2570,Good,0.01,0.3,Clear,NONE
USGS,3171000,428,2010-10-01 11:30:00,EDT,Yes,DWA,USGS,2.53,2710,Fair,0,0.2,Clear,NONE
USGS,3171000,429,2010-11-18 9:52:00,EST,Yes,DWA,USGS,2.27,2270,Good,0,0.3,Clear,NONE
USGS,3171000,430,2011-01-03 15:34:38,EST,Yes,DWA,USGS,2.03,1470,Good,0,0.2,Clear,NONE
USGS,3171000,431,2011-04-04 11:16:01,EDT,Yes,DWA,USGS,3.17,5620,Good,0,0.2,Clear,NONE
USGS,3171000,432,2011-05-06 11:18:52,EDT,Yes,DWA,USGS,2.63,3200,Good,-0.01,0.3,Clear,NONE
USGS,3171000,433,2011-06-22 14:06:31,EDT,Yes,DWA,USGS,2.5,2600,Good,0.01,0.2,Clear,NONE
USGS,3171000,434,2011-08-29 11:53:52,EDT,Yes,DWA/JGP,USGS,1.94,1210,Fair,0,0.4,Clear,NONE
USGS,3171000,435,2011-10-06 12:15:26,EDT,Yes,DWA/JGP,USGS,1.99,1130,Poor,-0.01,0.5,Clear,NONE
USGS,3171000,437,2011-12-08 13:18:15,EST,Yes,DWA,USGS,9.74,30100,Good,-0.05,0.3,Unspecifed,NONE
USGS,3171000,438,2012-01-05 8:57:00,EST,Yes,DWA,USGS,3.42,6540,Good,0.18,0.2,Clear,NONE
USGS,3171000,439,2012-02-14 12:45:19,EST,Yes,DWA,USGS,2.6,3170,Good,-0.03,0.2,Clear,NONE
USGS,3171000,440,2012-04-05 10:25:31,EDT,Yes,DWA,USGS,3.32,5960,Good,0,0.4,Clear,NONE
USGS,3171000,441,2012-05-18 10:40:09,EDT,Yes,DWA,USGS,3.28,5730,Good,-0.03,0.2,Clear,NONE
USGS,3171000,442,2012-07-05 12:54:13,EDT,Yes,DWA,USGS,2.66,3120,Fair,-0.01,0.2,Clear,NONE
USGS,3171000,443,2012-08-15 12:04:39,EDT,Yes,DWA,USGS,2.14,1660,Fair,0,0.2,Clear,NONE
USGS,3171000,444,2012-10-04 13:38:00,EDT,Yes,DWA,USGS,3.18,5580,Fair,-0.03,0.2,Clear,NONE
USGS,3171000,445,2012-11-09 11:35:30,EST,Yes,DWA,USGS,3.03,5030,Good,0.01,0.3,Clear,NONE
USGS,3171000,446,2013-01-07 9:46:30,EST,Yes,DWA,USGS,2.48,2780,Good,0,0.3,Clear,NONE
USGS,3171000,447,2013-01-31 13:27:00,EST,Yes,DWA,USGS,21.03,82500,Fair,-0.02,0.1,Clear,NONE
USGS,3171000,448,2013-02-27 13:30:37,EST,Yes,DWA,USGS,3.94,9330,Good,0,0.4,Clear,NONE
USGS,3171000,449,2013-04-02 11:53:00,EDT,Yes,DWA,USGS,3.29,6130,Fair,0,0.2,Clear,NONE
USGS,3171000,450,2013-05-30 12:48:30,EDT,Yes,DWA,USGS,2.93,4250,Good,-0.01,0.2,Clear,NONE
USGS,3171000,451,2013-07-30 11:22:30,EDT,Yes,DWA/MRE,USGS,4.08,8440,Good,-0.11,0.5,Clear,NONE
USGS,3171000,452,2013-10-24 11:42:30,EDT,Yes,DWA,USGS,2.53,2760,Fair,0,0.3,Clear,NONE
USGS,3171000,453,2013-12-03 11:27:00,EST,Yes,DWA,USGS,2.64,3090,Good,-0.07,0.2,Clear,NONE
USGS,3171000,454,2014-01-29 12:17:30,EST,Yes,DWA,USGS,3.72,7050,Good,-0.08,0.2,Clear,NONE
USGS,3171000,455,2014-04-02 11:05:30,EDT,Yes,DWA,USGS,2.91,4230,Fair,0.03,0.3,Clear,NONE
USGS,3171000,456,2014-06-09 12:41:00,EDT,Yes,DWA,USGS,2.43,2420,Fair,0.05,0.4,Clear,NONE
USGS,3171000,457,2014-07-31 10:21:00,EDT,Yes,DWA,USGS,2.05,1150,Fair,-0.01,0.2,Clear,NONE
USGS,3171000,458,2014-07-31 10:41:30,EDT,Yes,DWA,USGS,2.05,1140,Poor,-0.01,0.3,Clear,NONE
USGS,3171000,459,2014-07-31 11:06:00,EDT,Yes,DWA,USGS,2.05,1280,Poor,0,0.3,Clear,NONE
USGS,3171000,460,2014-10-02 11:17:02,EDT,Yes,DWA,USGS,2.08,1430,Fair,0,0.3,Clear,NONE
USGS,3171000,461,2014-12-04 11:24:18,EST,Yes,DWA,USGS,3.24,5680,Poor,-0.08,0.2,Clear,NONE
USGS,3171000,462,2015-02-09 11:18:16,EST,Yes,twc/dwa,USGS,2.34,2260,Poor,-0.07,0.5,Clear,NONE
USGS,3171000,463,2015-04-08 11:35:15,EDT,Yes,DWA,USGS,2.61,3260,Good,0,0.2,Clear,NONE
USGS,3171000,464,2015-04-21 13:09:40,EDT,Yes,TWC/DWA,USGS,8.04,23700,Good,-0.02,0.2,,NONE
USGS,3171000,465,2015-04-30 13:03:24,EDT,Yes,TWC/DWA,USGS,2.85,3940,Good,-0.01,0.2,Clear,NONE
USGS,3171000,466,2015-04-30 13:34:22,EDT,Yes,TWC/DWA,USGS,2.84,4030,Good,0,0.3,Clear,NONE
USGS,3171000,467,2015-06-03 10:56:30,EDT,Yes,DWA,USGS,2.89,3930,Good,-0.02,0.3,Clear,NONE
USGS,3171000,468,2015-07-30 11:24:57,EDT,Yes,DWA,USGS,2.42,2130,Fair,-0.01,0.4,VegetationLight,NONE
USGS,3171000,469,2015-09-29 14:39:23,EDT,Yes,DWA/TWC,USGS,7.29,20500,Good,0.06,0.2,Clear,NONE
USGS,3171000,470,2015-09-29 15:04:55,EDT,Yes,DWA/TWC,USGS,7.53,21700,Good,0.2,0.2,Clear,NONE
USGS,3171000,471,2015-10-05 14:07:00,EDT,Yes,MRE/DWA,USGS,4.3,10400,Good,-0.01,0.3,Clear,NONE
USGS,3171000,472,2015-12-09 13:53:19,EST,Yes,DWA,USGS,3.21,5250,Fair,0,0.3,Clear,NONE
USGS,3171000,473,2016-02-08 13:00:59,EST,Yes,TWC,USGS,3.61,7350,Good,-0.01,0.3,Unspecifed,NONE
USGS,3171000,474,2016-04-07 13:42:42,EDT,Yes,TWC,USGS,2.86,4090,Poor,-0.02,0.2,Clear,NONE
USGS,3171000,475,2016-05-23 14:37:53,EDT,Yes,DWA,USGS,3.06,4720,Good,0,0.3,Clear,NONE
USGS,3171000,476,2016-08-04 10:13:51,EDT,Yes,DWA/AML,USGS,4.09,8510,Good,-0.02,0.3,Clear,NONE
USGS,3171000,477,2016-08-09 18:18:03,EDT,Yes,TWC/AML,USGS,2.77,3390,Poor,0.01,0.3,Clear,NONE
USGS,3171000,478,2016-10-07 10:02:09,EDT,Yes,AML/DWA,USGS,2.11,1760,Fair,0.01,0.3,Clear,NONE
USGS,3171000,479,2016-12-08 9:23:54,EST,Yes,DWA/AML,USGS,3.13,5420,Fair,0,0.3,Clear,NONE
USGS,3171000,480,2017-02-09 14:28:10,EST,Yes,DWA/AML,USGS,2.16,1890,Good,0.01,0.2,Clear,NONE
USGS,3171000,481,2017-03-29 12:00:54,EDT,Yes,DSJ/TWC,USGS,2.23,1960,Poor,-0.02,0.5,Clear,NONE
USGS,3171000,482,2017-06-01 13:56:27,EDT,Yes,DWA,USGS,3.87,8060,Fair,0.03,0.2,Clear,NONE
USGS,3171000,483,2017-08-04 9:43:40,EDT,Yes,DWA/AML/ZTE,USGS,2.17,1630,Poor,0,0.3,VegetationLight,NONE
USGS,3171000,484,2017-10-02 15:53:00,EDT,Yes,DWA,USGS,1.99,1290,Poor,0,0.25,VegetationLight,NONE
USGS,3171000,485,2017-12-12 11:38:08,EST,Yes,TWC/AML,USGS,2.11,1540,Poor,-0.04,0.4,Clear,NONE
USGS,3171000,486,2017-12-12 12:50:41,EST,Yes,TWC/AML,USGS,2.04,1470,Poor,0,0.3,Clear,NONE
USGS,3171000,487,2017-12-12 13:22:23,EST,Yes,TWC/AML,USGS,2.03,1410,Poor,0,0.3,Clear,NONE
USGS,3171000,488,2018-02-05 13:02:08,EST,Yes,DWA,USGS,2.7,3710,Fair,-0.07,0.3,Clear,NONE
USGS,3171000,489,2018-04-13 10:03:08,EDT,Yes,AML/ZTE,USGS,2.55,2880,Good,-0.02,0.4,Clear,NONE
USGS,3171000,490,2018-05-30 14:08:16,EDT,Yes,TWC/AML/DWA,USGS,3.42,6360,Good,0.02,0.25,,NONE
USGS,3171000,491,2018-08-06 17:32:14,EDT,Yes,AML/ZTE,USGS,3.15,4890,Good,0,0.25,Clear,NONE
USGS,3171000,492,2018-09-17 16:12:59,EDT,Yes,KFG/CAW,USGS,13.96,46200,Poor,0.27,0.31,Clear,NONE
USGS,3171000,493,2018-09-18 11:05:59,EDT,Yes,ZTE DWA,USGS,9.55,28300,Good,-0.01,0.27,Clear,NONE
USGS,3171000,494,2018-09-18 12:34:52,EDT,Yes,ZTE DWA,USGS,9.53,28800,Good,-0.01,0.5,Clear,NONE
USGS,3171000,495,2018-10-05 12:08:16,EDT,Yes,AML,USGS,2.86,3670,Fair,-0.02,0.33,Clear,NONE
USGS,3171000,496,2018-12-03 16:06:08,EST,Yes,TWC,USGS,3.39,6030,Fair,0,0.6,Clear,NONE
USGS,3171000,497,2019-03-07 11:06:08,EST,Yes,AML/DWA,USGS,3.92,8660,Good,-0.01,0.2,Clear,NONE
USGS,3171000,498,2019-05-09 12:25:23,EDT,Yes,AML,USGS,3.5,6640,Good,0.02,0.3,Clear,NONE
USGS,3171000,499,2019-07-12 10:15:41,EDT,Yes,AML/DTC/NWF,USGS,2.83,3370,Good,0.03,0.3,FillControlChanged,NONE
USGS,3171000,500,2019-07-12 10:35:10,EDT,Yes,AML/DTC/NWF,USGS,2.88,3590,Fair,0.03,0.15,FillControlChanged,NONE
USGS,3171000,501,2019-10-04 15:59:05,EDT,Yes,AML/NWF,USGS,2.17,1350,Fair,-0.01,0.32,Clear,NONE
USGS,3171000,502,2019-10-04 16:29:11,EDT,Yes,AML/NWF,USGS,2.15,1330,Fair,0,0.2,Clear,NONE
USGS,3171000,503,2019-12-06 11:46:00,EST,Yes,AML,USGS,2.83,3730,Good,-0.01,0.2,Clear,NONE
USGS,3171000,504,2020-02-10 16:34:48,EST,Yes,AML,USGS,4.34,10500,Good,0.04,0.32,Clear,NONE
USGS,3171000,505,2020-06-25 15:02:19,EDT,Yes,AML/NWF,USGS,3.72,6960,Good,0,0.5,Clear,NONE
USGS,3171000,506,2020-10-14 12:25:07,EDT,Yes,AML/MRH/KTG,USGS,3.83,7650,Good,0.01,0.5,,NONE
USGS,3171000,507,2021-02-03 17:03:44,EST,Yes,KTG/AML,USGS,3.23,5050,Fair,-0.02,0.22,Clear,NONE
USGS,3171000,508,2021-04-22 15:00:34,EDT,Yes,KTG/AML,USGS,3.07,4480,Fair,0,0.24,Clear,NONE
USGS,3171000,509,2021-06-28 16:37:59,EDT,Yes,KTG/AML,USGS,2.48,2140,Poor,0,0.19,Clear,NONE
USGS,3171000,510,2021-09-20 11:19:00,EDT,Yes,KTG/SHI,USGS,2.13,1200,Good,0,0.5,Clear,NONE
USGS,3171000,511,2021-11-18 12:00:48,EST,Yes,SHI/MRH/KTG,USGS,2.08,1430,Fair,-0.03,0.35,Clear,NONE
USGS,3171000,512,2022-02-16 11:10:41,EST,Yes,AML/KTG,USGS,2.98,4600,Good,0,0.25,Clear,NONE
USGS,3171000,513,2022-03-30 13:42:13,EDT,Yes,KTG,USGS,2.53,2970,Fair,,,Clear,NONE
USGS,3171000,514,2022-06-16 15:04:16,EDT,Yes,KTG/AML,USGS,2.77,3000,Good,0.02,0.25,VegetationHeavy,NONE